feature,mean_importance
appointment_yosi_noshow1,-0.0007326342241882111
patient_id,0.09086717798631302
practice_id,0.22683013484869324
appointment_date,1.5523346057877858
