feature,mean_importance
practice_zipcode,1.734723475976807e-18
patient_id,1.734723475976807e-18
appointment_yosi_noshow1,1.734723475976807e-18
patient_zipcode_x,9.139840134325325e-06
practice_id,0.0007617446668474026
patient_distance_from_practice (miles),10.22909128023306
