feature,mean_importance
patient_id,-0.0007089008129185448
appointment_yosi_noshow1,-0.0006643000624563467
practice_id,0.29915524061986554
appointment_date,0.5337360195046502
