feature,mean_importance
appointment_yosi_noshow1,0.00018822613994922592
patient_id,0.0008255184654009755
patient_age,12.984090416501534
