feature,shap_importance
patient_age,1.2547095940524076
patient_id,0.15750311286977675
appointment_yosi_noshow1,0.0013845148247037878
