feature,mean_importance
appointment_yosi_noshow1,6.726407675896606e-05
patient_id,0.07638835349761225
patient_age,6.536834517063203
