feature,mean_importance
appointment_yosi_noshow1,3.1926952282563995e-07
patient_id,3.1526660308956964e-06
patient_age,9.926861347476022
